id,stock_no,code,system,model,rating,status,serial_number,client,date_acquired,date_installed,dr_no,si_no,po,value_vat_ex,warranty,terms,remarks,created_at,category
258,187,UPS-KOT-1KVA/220V,KOTOHIRA SYSTEM,BH10S-V,1KVA,ON STOCK,BHVB2604S00111A006,,2026-05-26,,,,,,,,None,2026-06-04T15:46:07.899093,UPS
259,188,UPS-KOT-1KVA/220V,KOTOHIRA SYSTEM,BH10S-V,1KVA,ON STOCK,BHVB2604S00111A007,,2026-05-26,,,,,,,,None,2026-06-04T15:47:18.074105,UPS
260,189,UPS-KOT-1KVA/220V,KOTOHIRA SYSTEM,BH10S-V,1KVA,ON STOCK,BHVB2604S00111A008,,2026-05-26,,,,,,,,None,2026-06-04T15:49:00.527988,UPS
261,190,UPS-KOT-1KVA/220V,KOTOHIRA SYSTEM,BH10S-V,1KVA,ON STOCK,BHVB2604S00111A009,,2026-05-26,,,,,,,,None,2026-06-04T15:51:38.556756,UPS
262,191,UPS-KOT-1KVA/220V,KOTOHIRA SYSTEM,BH10S-V,1KVA,ON STOCK,BHVB2604S00111A010,,2026-05-26,,,,,,,,None,2026-06-04T15:52:55.832167,UPS
263,192,UPS-KOT-1KVA/220V,KOTOHIRA SYSTEM,BH10S-V,1KVA,ON STOCK,BHVB2604S00111A011,,2026-05-26,,,,,,,,,2026-06-04T15:53:53.627033,UPS
264,193,UPS-KOT-1KVA/220V,KOTOHIRA SYSTEM,BH10S-V,1KVA,ON STOCK,BHVB2604S00111A012,,2026-05-26,,,,,,,,None,2026-06-04T15:55:01.646966,UPS
265,194,UPS-KOT-1KVA/220V,KOTOHIRA SYSTEM,BH10S-V,1KVA,ON STOCK,BHVB2604S00111A013,,2026-05-26,,,,,,,,None,2026-06-04T15:55:56.840086,UPS
266,195,UPS-KOT-1KVA/220V,KOTOHIRA SYSTEM,BH10S-V,1KVA,ON STOCK,BHVB2604S00111A014,,2026-05-26,,,,,,,,None,2026-06-04T15:56:50.974712,UPS
267,196,UPS-KOT-1KVA/220V,KOTOHIRA SYSTEM,BH10S-V,1KVA,ON STOCK,BHVB2604S00111A015,,2026-05-26,,,,,,,,None,2026-06-04T15:57:44.970802,UPS
268,197,UPS-KOT-1KVA/220V,KOTOHIRA SYSTEM,BH10S-V,1KVA,ON STOCK,BHVB2604S00111A016,,2026-05-26,,,,,,,,None,2026-06-04T15:58:45.917194,UPS
269,198,UPS-KOT-1KVA/220V,KOTOHIRA SYSTEM,BH10S-V,1KVA,ON STOCK,BHVB2604S00111A017,,2026-05-26,,,,,,,,None,2026-06-04T15:59:28.492944,UPS
270,199,UPS-KOT-1KVA/220V,KOTOHIRA SYSTEM,BH10S-V,1KVA,ON STOCK,BHVB2604S00111A018,,2026-05-26,,,,,,,,None,2026-06-04T16:00:29.679153,UPS
271,200,UPS-KOT-1KVA/220V,KOTOHIRA SYSTEM,BH10S-V,1KVA,ON STOCK,BHVB2604S00111A019,,2026-05-26,,,,,,,,None,2026-06-04T16:01:34.966512,UPS
275,201,UPS-KOT-1KVA/220V,KOTOHIRA SYSTEM,BH10S-V,1KVA,ON STOCK,BHVB2604S00111A020,,2026-05-26,,,,,,,,,2026-06-05T03:40:37.510552,UPS
276,202,UPS-KOT-1KVA/220V,KOTOHIRA SYSTEM,BH10S-V,1KVA,ON STOCK,BHVB2604S00111A021,,2026-03-26,,,,,,,,,2026-06-05T03:43:04.079047,UPS
277,203,UPS-KOT-1KVA/220V,KOTOHIRA SYSTEM,BH10S-V,1KVA,ON STOCK,BHVB2604S00111A022,,2026-05-26,,,,,,,,,2026-06-05T03:43:54.872253,UPS
278,204,UPS-KOT-1KVA/220V,KOTOHIRA SYSTEM,BH10S-V,1KVA,ON STOCK,BHVB2604S00111A023,,2026-05-26,,,,,,,,,2026-06-05T03:44:40.334624,UPS
279,205,UPS-KOT-1KVA/220V,KOTOHIRA SYSTEM,BH10S-V,1KVA,ON STOCK,BHVB2604S00111A024,,2026-05-26,,,,,,,,,2026-06-05T03:45:40.726555,UPS
280,206,UPS-KOT-1KVA/220V,KOTOHIRA SYSTEM,BH10S-V,1KVA,ON STOCK,BHVB2604S00111A025,,2026-05-26,,,,,,,,,2026-06-05T03:46:21.333365,UPS
281,207,UPS-KOT-1KVA/220V,KOTOHIRA SYSTEM,BH10S-V,1KVA,ON STOCK,BHVB2604S00111A026,,2026-05-26,,,,,,,,,2026-06-05T03:46:51.264021,UPS
282,208,UPS-KOT-1KVA/220V,KOTOHIRA SYSTEM,BH10S-V,1KVA,ON STOCK,BHVB2604S00111A027,,2026-05-26,,,,,,,,,2026-06-05T03:48:24.768866,UPS
283,209,UPS-KOT-1KVA/220V,KOTOHIRA SYSTEM,BH10S-V,1KVA,ON STOCK,BHVB2604S00111A028,,2026-05-26,,,,,,,,,2026-06-05T03:49:09.763010,UPS
284,210,UPS-KOT-1KVA/220V,KOTOHIRA SYSTEM,BH10S-V,1KVA,ON STOCK,BHVB2604S00111A029,,2026-05-26,,,,,,,,,2026-06-05T03:49:48.479289,UPS
285,211,UPS-KOT-1KVA/220V,KOTOHIRA SYSTEM,BH10S-V,1KVA,ON STOCK,BHVB2604S00111A030,,2026-05-26,,,,,,,,,2026-06-05T03:51:58.184054,UPS
286,212,UPS-KOT-1KVA/220V,KOTOHIRA SYSTEM,BH10S-V,1KVA,ON STOCK,BHVB2604S00111A031,,2026-05-26,,,,,,,,,2026-06-05T03:52:36.128315,UPS
287,213,UPS-KOT-1KVA/220V,KOTOHIRA SYSTEM,BH10S-V,1KVA,ON STOCK,BHVB2604S00111A032,,2026-05-26,,,,,,,,,2026-06-05T03:53:03.718843,UPS
288,214,UPS-KOT-1KVA/220V,KOTOHIRA SYSTEM,BH10S-V,1KVA,ON STOCK,BHVB2604S00111A033,,2026-05-26,,,,,,,,,2026-06-05T03:53:35.810125,UPS
289,215,UPS-KOT-1KVA/220V,KOTOHIRA SYSTEM,BH10S-V,1KVA,ON STOCK,BHVB2604S00111A034,,2026-05-26,,,,,,,,,2026-06-05T03:54:08.500119,UPS
290,216,UPS-KOT-1KVA/220V,KOTOHIRA SYSTEM,BH10S-V,1KVA,ON STOCK,BHVB2604S00111A035,,2026-05-26,,,,,,,,,2026-06-05T03:54:57.303569,UPS
291,217,UPS-KOT-1KVA/220V,KOTOHIRA SYSTEM,BH10S-V,1KVA,ON STOCK,BHVB2604S00111A036,,2026-05-26,,,,,,,,,2026-06-05T03:55:31.709298,UPS
292,218,UPS-KOT-1KVA/220V,KOTOHIRA SYSTEM,BH10S-V,1KVA,ON STOCK,BHVB2604S00111A037,,2026-05-26,,,,,,,,,2026-06-05T03:56:01.579252,UPS
293,219,UPS-KOT-1KVA/220V,KOTOHIRA SYSTEM,BH10S-V,1KVA,ON STOCK,BHVB2604S00111A038,,2026-05-26,,,,,,,,,2026-06-05T03:56:27.338093,UPS
294,220,UPS-KOT-1KVA/220V,KOTOHIRA SYSTEM,BH10S-V,1KVA,ON STOCK,BHVB2604S00111A039,,2026-05-26,,,,,,,,,2026-06-05T03:57:05.855829,UPS
295,221,UPS-KOT-1KVA/220V,KOTOHIRA SYSTEM,BH10S-V,1KVA,ON STOCK,BHVB2604S00111A040,,2026-05-26,,,,,,,,,2026-06-05T03:57:36.248866,UPS
296,222,UPS-KOT-1KVA/220V,KOTOHIRA SYSTEM,BH10S-V,1KVA,ON STOCK,BHVB2604S00111A041,,2026-05-26,,,,,,,,,2026-06-05T03:57:59.455696,UPS
297,223,UPS-KOT-1KVA/220V,KOTOHIRA SYSTEM,BH10S-V,1KVA,ON STOCK,BHVB2604S00111A042,,2026-05-26,,,,,,,,,2026-06-05T03:58:28.253516,UPS
298,224,UPS-KOT-1KVA/220V,KOTOHIRA SYSTEM,BH10S-V,1KVA,ON STOCK,BHVB2604S00111A043,,2026-05-26,,,,,,,,,2026-06-05T03:59:08.147584,UPS
299,225,UPS-KOT-1KVA/220V,KOTOHIRA SYSTEM,BH10S-V,1KVA,ON STOCK,BHVB2604S00111A044,,2026-05-26,,,,,,,,,2026-06-05T03:59:50.448436,UPS
300,226,UPS-KOT-1KVA/220V,KOTOHIRA SYSTEM,BH10S-V,1KVA,ON STOCK,BHVB2604S00111A045,,2026-05-26,,,,,,,,,2026-06-05T04:00:22.713662,UPS
301,227,UPS-KOT-1KVA/220V,KOTOHIRA SYSTEM,BH10S-V,1KVA,ON STOCK,BHVB2604S00111A046,,2026-05-26,,,,,,,,,2026-06-05T04:00:55.045946,UPS
302,228,UPS-KOT-1KVA/220V,KOTOHIRA SYSTEM,BH10S-V,1KVA,ON STOCK,BHVB2604S00111A047,,2026-05-26,,,,,,,,,2026-06-05T04:01:28.151442,UPS
303,229,UPS-KOT-1KVA/220V,KOTOHIRA SYSTEM,BH10S-V,1KVA,ON STOCK,BHVB2604S00111A048,,2026-05-26,,,,,,,,,2026-06-05T04:01:59.294623,UPS
304,230,UPS-KOT-1KVA/220V,KOTOHIRA SYSTEM,BH10S-V,1KVA,ON STOCK,BHVB2604S00111A049,,2026-05-26,,,,,,,,,2026-06-05T04:02:40.689999,UPS
305,231,UPS-KOT-1KVA/220V,KOTOHIRA SYSTEM,BH10S-V,1KVA,ON STOCK,BHVB2604S00111A050,,2026-05-26,,,,,,,,,2026-06-05T04:03:20.138467,UPS
306,232,UPS-KOT-3KVA/220V,KOTOHIRA SYSTEM,BH30S-V,3KVA/3KW,ON STOCK,BHVX2604S00311A001,,2026-05-26,,,,,,,,,2026-06-05T04:03:59.933534,UPS
307,233,UPS-KOT-3KVA/220V,KOTOHIRA SYSTEM,BH30S-V,3KVA/3KW,ON STOCK,BHVX2604S00311A002,,2026-05-26,,,,,,,,,2026-06-05T04:04:51.286776,UPS
308,234,UPS-KOT-3KVA/220V,KOTOHIRA SYSTEM,BH30S-V,3KVA/3KW,ON STOCK,BHVX2604S00311A003,,2026-05-26,,,,,,,,,2026-06-05T04:05:44.069906,UPS
309,235,UPS-KOT-3KVA/220V,KOTOHIRA SYSTEM,BH30S-V,3KVA/3KW,ON STOCK,BHVX2604S00311A004,,2026-05-26,,,,,,,,,2026-06-05T04:06:07.992485,UPS
310,236,UPS-KOT-3KVA/220V,KOTOHIRA SYSTEM,BH30S-V,3KVA/3KW,ON STOCK,BHVX2604S00311A005,,2026-05-26,,,,,,,,,2026-06-05T04:06:42.292388,UPS
311,237,UPS-KOT-10KVA/220V,KOTOHIRA SYSTEM,BH100S-V,2KVA,ON STOCK,BHVM2604S01011A001,,2026-05-26,,,,,,,,,2026-06-05T04:07:09.615941,UPS
312,238,UPS-KOT-10KVA/220V,KOTOHIRA SYSTEM,BH100S-V,2KVA,ON STOCK,BHVM2604S01011A002,,2026-05-26,,,,,,,,,2026-06-05T04:07:46.950766,UPS
